client_id,full_name,email_address,email_permission
11662,Knox Cooper,ut@Etiamligula.com,0
85833,Xanthus Sanders,porttitor.interdum@elitdictum.edu,1
20715,Russell Foreman,augue@tellusid.org,1
32677,Ivor Gibbs,ipsum.porta@seddolorFusce.org,0
99216,Jacob Dillard,magnis@elementumsemvitae.ca,1
65723,Allen Lynch,In@amet.edu,1
38398,Daniel Wiggins,Phasellus@ligulaelit.org,1
24023,Malcolm Rodriquez,ac@sagittis.com,0
97705,Aquila Wagner,Fusce.dolor.quam@CraspellentesqueSed.edu,1
55414,Nehru Mills,nibh.dolor@molestie.org,0
19251,Cedric Gibbs,risus.Donec.egestas@eteuismodet.edu,1
90898,Fulton Leon,ipsum.cursus@pede.edu,1
92773,Timothy Moran,luctus.felis@cubiliaCurae;Donec.ca,1
07424,Hall Dean,ullamcorper@viverra.ca,0
29544,Jackson Merrill,urna@congueaaliquet.ca,0
66252,Colin Curry,adipiscing.non.luctus@vitaeodio.org,1
47632,Ryder Flowers,augue.Sed.molestie@semconsequatnec.ca,0
48232,Tate Watkins,nisl.Maecenas@faucibus.org,1
12082,Jackson Morgan,commodo.tincidunt.nibh@semmagnanec.edu,1
99880,Ethan Mcmillan,amet@CraspellentesqueSed.org,0
57116,Drew Haley,eros.turpis@Duisgravida.ca,0
06123,Alec Chang,eu@eleifend.com,0
23587,Aaron Mendez,a.dui.Cras@consequat.com,1
30115,Bruce Rush,lacus.Aliquam@mus.org,0
46890,Austin Durham,id.enim@tellusnonmagna.org,1
68017,Ferris Duffy,lorem.ipsum.sodales@feugiatLoremipsum.com,0
33087,Jerome Lewis,felis.orci@anteblandit.org,0
57705,Hasad Thomas,non.justo@diamnunc.ca,0
46470,Reed Brewer,ante@sapiencursusin.edu,0
08079,Lionel Holmes,luctus.et.ultrices@Phasellus.org,1
72567,Yasir Ferrell,ridiculus@semper.ca,0
66980,Yasir Padilla,vel@nisinibhlacinia.edu,0
41507,Gannon Garza,urna@at.com,0
96379,Amos Graham,nibh.dolor.nonummy@nuncac.org,0
63177,Kasper Ware,Phasellus.elit@arcuVestibulumante.ca,0
70303,Declan Osborn,urna.Ut.tincidunt@vitaediamProin.com,1
77531,Chaim Nunez,Morbi@volutpatNulla.ca,1
46446,Dale Kidd,sollicitudin.adipiscing.ligula@intempuseu.edu,1
26363,Alden Hall,volutpat.Nulla.dignissim@quamquis.edu,1
04792,Craig Mccarty,lobortis.ultrices.Vivamus@laoreet.edu,0
30336,Kieran Atkinson,urna.suscipit.nonummy@aarcu.org,0
31240,Edan Stuart,tincidunt.tempus.risus@libero.ca,1
60882,Cedric Wallace,Donec.nibh@Praesenteu.org,0
38490,Rahim Camacho,felis.Nulla@auctor.edu,1
92980,Lamar Tate,ac.mattis.semper@sapien.com,1
69814,Colby Beard,risus.In.mi@Vivamus.com,1
84294,Carl Chapman,accumsan@ac.ca,0
40386,Yardley Schroeder,quis.turpis@scelerisque.edu,0
93828,Phillip Robertson,in@sociosqu.ca,1
21413,Slade Carson,Morbi.quis.urna@lacusEtiambibendum.org,0
88000,Alec Hansen,eget.volutpat.ornare@metus.edu,0
32627,Stewart Hickman,vestibulum@enimNuncut.edu,0
80033,Tobias Chavez,nec.ante@dui.com,0
75789,Bevis Chapman,porttitor.scelerisque@Crasvehiculaaliquet.ca,0
45360,Branden Melton,nec@elitCurabitursed.org,0
98828,Magee Sears,placerat.Cras@urnaNuncquis.org,0
16798,Cadman Jensen,metus@ornarelectus.com,1
73547,Jeremy Daugherty,aliquet.Phasellus@egestas.org,1
83456,Jermaine Cobb,quis.massa@Quisque.ca,0
23569,Dominic Avery,orci.consectetuer@morbitristiquesenectus.ca,0
80647,Jack Rogers,Ut@vellectus.edu,1
12304,Lionel Harrell,nec@euarcu.com,1
01995,Ralph West,primis@dignissimmagnaa.edu,1
64582,Levi Calhoun,Cras.dolor@Sedmolestie.edu,1
53992,Troy Andrews,quam@Nullaeget.ca,1
24423,Berk Powell,amet.consectetuer.adipiscing@eu.edu,1
17813,Herman Lowery,euismod@Maecenasliberoest.com,0
09086,Fitzgerald Fuller,dolor@vitaeodiosagittis.com,1
13020,Chaney William,ullamcorper.viverra.Maecenas@metus.ca,1
77707,Paul Woodard,ligula.elit.pretium@luctusut.ca,1
85721,Tate Morgan,sagittis@lobortisquam.edu,1
74969,Lev Graves,Morbi.quis.urna@tellus.org,0
03299,Carter Livingston,diam.vel.arcu@magnatellus.edu,1
77182,Thaddeus Ellis,magnis@erat.ca,0
50520,Kennedy Mann,mauris.blandit@Curabituregestas.edu,0
97805,Kamal Russo,est.Mauris.eu@tincidunt.org,0
19109,Nicholas Baxter,gravida.mauris@et.org,0
50062,Alan Hayden,nibh@egettinciduntdui.ca,1
00363,Henry Mcguire,nec.tempus@adipiscinglobortis.org,1
16971,John Porter,Phasellus@euismodmauriseu.org,0
35622,Mohammad Cotton,Sed.diam@elitAliquam.ca,0
44294,Garrison Montgomery,non.nisi@felisadipiscingfringilla.ca,1
18178,Ignatius Duran,dis.parturient@urnasuscipit.ca,0
54054,Isaiah Baker,aliquam.enim@dolorQuisque.edu,1
18898,Uriah Preston,eu@estac.ca,0
13304,Valentine Jarvis,Ut.sagittis@mifelisadipiscing.org,1
49558,Merrill Harding,metus.urna@non.com,0
29710,Timothy Landry,hendrerit.a@afelisullamcorper.com,0
83338,Norman Gardner,ornare.Fusce@Donec.org,1
78410,Lev Beasley,auctor.nunc.nulla@ultrices.com,1
62915,Peter Hurst,Sed.dictum.Proin@egetmagna.com,1
86854,Lucas Graves,Suspendisse.ac.metus@duiFusce.ca,0
29044,Myles Owen,ipsum.porta@cursus.com,0
26874,Paul Glass,per@interdumNuncsollicitudin.org,1
60043,Dylan Hernandez,vitae.risus@accumsansedfacilisis.com,0
87510,Randall Ruiz,gravida.molestie.arcu@Donec.ca,1
86452,Brendan Mckay,tellus.justo@etmagnisdis.edu,0
49392,Dale Rasmussen,bibendum.sed.est@malesuadaIntegerid.edu,1
04299,Cain Mendez,montes.nascetur@rutrumurnanec.com,0
12915,Guy Battle,placerat.velit.Quisque@sem.edu,0
58685,Nero Dean,vel.lectus.Cum@posuere.com,1
61084,Brenden Cain,velit.Cras@atfringillapurus.com,1
15736,Drake Daniels,enim@ipsumdolorsit.com,1
64490,Ashton Casey,risus@Maecenaslibero.edu,1
47873,Abdul French,odio@vitaeeratVivamus.org,0
42288,Vincent Fleming,neque@dui.edu,0
36546,Vernon Combs,magna.Suspendisse@sagittislobortis.ca,1
89932,Hedley Noble,dictum.placerat@Phasellusdolor.org,1
38132,Griffith Best,lorem.Donec.elementum@ametultriciessem.edu,0
35621,Jasper Delacruz,lectus@quislectus.org,1
80338,Marshall Douglas,et.malesuada.fames@Aeneangravida.edu,0
18810,Cedric Ramos,scelerisque.lorem.ipsum@arcuMorbisit.org,0
11670,Jarrod Romero,nisi.sem@magnaa.edu,1
16827,Yasir Case,Mauris.blandit@neque.ca,0
38308,Jermaine Cherry,nostra.per@fames.edu,1
96711,Sebastian Powell,lorem.vitae.odio@pharetraut.com,0
15005,Ferris Stephenson,Aliquam.erat.volutpat@leoCrasvehicula.org,0
67374,Fuller Harrison,urna@consectetueradipiscing.edu,1
17449,Lee Wade,bibendum@ullamcorperviverra.org,0
73826,Ira Bishop,urna@Proinvelit.org,1
81616,Oren Terrell,nec@eliteratvitae.edu,1
45299,Wyatt Ferrell,placerat.augue.Sed@PhasellusornareFusce.com,1
48304,Colt Delaney,euismod@maurisanunc.com,0
91909,Ferdinand Mcintosh,odio@vulputateeu.org,0
45574,Zane Maxwell,Pellentesque.habitant.morbi@rutrum.com,0
32963,Steel Reilly,accumsan@pretiumetrutrum.com,1
90153,Julian Benton,Morbi.sit.amet@Suspendissecommodo.ca,0
98329,Price Huff,bibendum.sed.est@Phasellusfermentumconvallis.edu,0
69518,Jacob Cotton,Ut.tincidunt.vehicula@Nullamenim.edu,0
86379,Dale Meadows,molestie.tellus@nibhDonec.ca,1
57277,Wallace Nieves,Sed@ultriciesornare.com,1
88093,Timothy Mason,urna.convallis@velconvallis.edu,1
38023,Lance Adkins,metus.Vivamus@cursusinhendrerit.edu,0
65800,Melvin Sullivan,diam@senectus.edu,1
67696,Addison Reed,arcu.Morbi.sit@nibh.com,1
60360,Akeem Dejesus,semper.rutrum.Fusce@tincidunt.ca,0
21539,Colton Bush,cursus.luctus@Etiamimperdietdictum.ca,0
80717,Gabriel Dejesus,scelerisque@amet.com,0
15800,Akeem Charles,Integer.in@sem.org,1
03297,Bruno Vaughan,consectetuer.rhoncus@famesacturpis.org,1
88810,Yasir Richmond,rutrum.Fusce.dolor@gravidaAliquamtincidunt.edu,0
32389,Erich Cole,dictum@Proinvelarcu.edu,0
68225,Caesar Burnett,penatibus.et@non.edu,0
49064,Fulton Watson,id.risus.quis@ipsumnonarcu.com,0
33457,Barry Guerrero,eu@Inmipede.com,0
56867,Dillon Maxwell,ac.fermentum.vel@eueleifendnec.ca,1
47888,Chaim Durham,Morbi@Nulla.edu,0
70214,Roth Sharpe,a@commodohendrerit.edu,0
50647,Amal Delacruz,mattis.velit@a.edu,0
52753,Jackson Montgomery,lorem.fringilla@odio.org,0
91995,Howard Whitney,amet@necmalesuadaut.edu,0
12136,Lyle Lloyd,sit.amet@dolordapibusgravida.ca,0
59903,Steel Conway,at@condimentumDonecat.ca,1
65078,Camden Acosta,lorem.ipsum.sodales@duiCum.edu,0
88973,Kennan Parsons,lorem@augue.ca,0
05074,Lewis Finley,Nullam.nisl@commodo.com,0
10711,Malcolm Bean,orci@magnaa.edu,1
31924,Wallace Russo,luctus.et@habitant.edu,1
41482,Linus Summers,ultricies@orciluctuset.ca,0
12720,Bruce Hartman,Aliquam.rutrum.lorem@nonleoVivamus.edu,0
64362,Phillip Skinner,bibendum.ullamcorper.Duis@ornare.com,0
14996,Barclay Erickson,libero.nec@Sed.org,0
85208,Ulysses Hurst,aliquet@lectuspedeet.com,0
56608,Ralph King,eu.placerat.eget@sem.edu,0
13096,Tobias Juarez,leo.Vivamus.nibh@netus.com,0
40294,Rashad Lucas,erat@eratin.com,0
64078,Ciaran Bray,Donec.est.mauris@afeugiattellus.org,1
79513,Abel Edwards,Suspendisse.non@Maurisvestibulumneque.com,1
28750,Giacomo Warner,tempor@cubiliaCurae;Phasellus.edu,1
39596,Gabriel Valdez,malesuada@dolor.ca,1
15263,John Lloyd,ac@temporbibendum.edu,1
58886,Chaim Ryan,malesuada@tellusfaucibus.edu,1
13992,Cade Kirby,eget.varius@eueratsemper.com,1
19315,Thane Wilson,aliquet@euultrices.org,1
60477,Kirk Cabrera,ligula.elit.pretium@semegestas.edu,1
69807,Yuli Wilkerson,est@accumsaninterdum.edu,1
66225,Zahir Crawford,venenatis.a.magna@necmaurisblandit.ca,1
12520,Charles Burns,Cras.lorem.lorem@acfermentumvel.edu,0
06014,Nathaniel Shelton,Vestibulum.accumsan.neque@dictumeu.edu,0
50847,Aaron Perez,Aenean@nuncrisusvarius.com,1
62792,Raphael Mcgowan,non@Proin.ca,1
81604,Christian Bishop,nec.quam@arcueuodio.com,0
51489,Buckminster Burch,sapien.Nunc.pulvinar@penatibuset.org,1
47525,Hyatt Hatfield,in@velesttempor.org,0
13553,Austin Parrish,Fusce.diam.nunc@aliquetnecimperdiet.edu,0
04960,Garth Haney,quis.pede@odiosagittissemper.edu,0
68610,Phillip Kelly,ornare.In@nisinibhlacinia.ca,1
66670,Mohammad Chandler,rutrum.lorem.ac@urna.org,1
07009,Leonard Webb,aliquet.odio@rhoncus.com,1
61358,Alexander Duffy,vitae.diam@malesuada.ca,0
51620,Moses Witt,Sed@lacusvestibulumlorem.org,0
47874,Harlan Shepard,rutrum.magna.Cras@eumetus.com,0
55359,Sylvester Navarro,leo.elementum@InfaucibusMorbi.edu,1
00475,Sean Ingram,Integer@sempertellusid.com,1
70502,Blaze Newman,elit.pede@dictumeleifend.com,0
59477,Hasad Randall,quis@nec.org,1
55391,Bruce Workman,mi.pede.nonummy@eu.ca,1
44175,Porter Petty,neque.In.ornare@consequatenim.edu,1
54520,Austin Pickett,Integer.aliquam@etrutrumnon.ca,1
72469,Vaughan Bowen,nascetur@ornarelectus.com,1
